ts	phase	decision	why	evidence	result
2026-09-24T07:56:44Z	frame	exit predicate set: light chrome script-clean, clippy/fmt/tests green, audit P0/P1 fixed with evidence, best-available headless proof executed	defines done before iterating so the run cannot drift	.audit/chrome-redesign.tsv	open
2026-09-24T08:32:52Z	synthesis	audits ranked: P0 revealer gutter + settings race, P1 appearance/privacy/dismissal cluster; design bets are palette, focus mode, peek/density, motion; glass and sidebar-only explicitly rejected	two audit agents plus direct code reads; third agent cancelled so theme root-cause done in-thread	main.rs:2729-3010,3615-3655,4400-4440; crates/br0x-core/src/prefs.rs:8-33	open
2026-09-24T08:32:52Z	scope	Unit 1: appearance robustness with scheme-pinned chrome plus P0 revealer width and settings race. Unit 2: suggestion/digit/close-button/dismissal cluster. Unit 3: privacy favicons, history confirm, palette, focus mode, motion, menu, contrast	smallest-first ordering with light-mode complaint at the front	.audit/chrome-redesign.tsv	open
2026-09-24T08:35:33Z	unit1	committed appearance robustness, revealer width, settings race with 3 new tests	smallest-first: light-mode complaint at the front	b3774bd	clippy/fmt/tests green
2026-09-24T09:10:19Z	unit2	committed suggestion/digit/visibility/dismissal cluster	interaction correctness before new features	a1b21e7	clippy/fmt/tests/node green
2026-09-24T09:11:46Z	unit3	committed favicon privacy and history confirm	correctness leftovers before new features	d37c70d	clippy/fmt/tests/node green
2026-09-24T09:23:22Z	unit4a	committed palette, focus mode, motion language	highest impact-per-effort design bets first	5f573aa	clippy/fmt/tests green
2026-09-24T09:28:31Z	unit4b	committed menu, star, contrast, density batch	visible polish with small diffs	1002f21	clippy/fmt/tests/node green
2026-09-24T09:39:14Z	review	independent diff review returned 12 flags; fixed 9, rebutted 1 with binary evidence, accepted 2 with logged reasons	reviewer read the full diff and the log instead of trusting summaries	review subagent flags 1-12	9 fixed in unit5
2026-09-24T09:39:14Z	review	.top-bar rebuttal: libadwaita stylesheet uses toolbarview > .top-bar selectors, so ToolbarView adds the class internally and the Light pin covers the tab bar	strings on the installed libadwaita binary	/usr/lib/x86_64-linux-gnu/libadwaita-1.so.0	no code change
2026-09-24T09:39:14Z	review	accepted: set_appearance reload cost (rare path, correctness first) and detached settings switch handles (harmless property sets, overwritten each open)	cost and blast radius both negligible	no code change	logged
2026-09-24T09:39:14Z	unit5	committed review hardening batch	reviewer findings verified on merits, fixed or rebutted each	2524d30	clippy/fmt/tests/node green
2026-09-24T09:43:12Z	ship	CI rust job passed, PR merged to main, branch synced	green plus independent review before landing	PR https://github.com/SachinD6/br0x/pull/1	predicate met
2026-09-24T11:02:15Z	round2	built a headless screenshot loop: Xvfb extracted without root, in-app BR0X_SHOT widget snapshot, xwd popup capture, pixel sampling	the user's complaint is visual and I cannot see a display any other way	scripts/ui-shot.sh, scripts/interact.sh, scripts/px.py, scripts/xwd2png.py	first real screenshots captured
2026-09-24T11:02:15Z	round2	root cause of the light/dark overlap: scheme_chrome_css hex pins fought the variant and GTK has no light-dark(); replaced with libadwaita tokens driven by the variant	one scheme decision, expressed in the same tokens the toolkit uses	theme.rs, binary grep: light-dark absent from libgtk	light and dark both verified by pixel sampling
2026-09-24T11:02:15Z	round2	the menu never opened: 33 rows made it 1283px tall, taller than the window, and GTK cannot show such a popover	guessed nothing; the app printed the popover's natural size	BR0X_SHOT_OPEN=menu dump	trimmed to 22 rows in a scroller; click now opens a 305x590 popup
2026-09-24T11:07:08Z	arch	extracted the internal pages into pages.rs behind a small interface (start page, history, error, reader) with its own tests	one seam for everything the shell renders outside a website	pages.rs 1283 lines; main.rs 6246 -> 5241	pixel-identical: md5 c8df5f1b before and after
2026-09-24T11:19:52Z	round3	sidebar header names the tab count, key popover has an empty state, transient toasts replace and de-duplicate, history count follows the filter	details the audit listed as P2 and that a user sees on first run	polish3 screenshots, menu-dark-live.png	clippy/fmt/tests/CSS/JS green
2026-09-24T11:23:05Z	ship	PR 3 merged; main contains the polish round	green CI plus verified captures	PR https://github.com/SachinD6/br0x/pull/3	merged
2026-09-24T12:16:20Z	round4	light chrome still dark on the user's box: reproduced with a hostile user gtk.css, fixed by painting the chrome from an explicit palette at USER+1 and using background-color longhands	two variant based attempts failed for the user; the premise that the toolkit will follow the request is what broke	theme.rs chrome_css; hostile-css captures	light chrome measured #ebebed under a dark user theme
2026-09-24T12:16:20Z	round4	menu: restored every dropped row and tightened rows to 26px so all 26 fit without scrolling	the user saw history and settings as missing because they sat below the fold	menu-fit2.png	no scrolling at default size
2026-09-24T12:16:20Z	round4	sidebar: 280px wide, 52px two-line rows (title over host), drag gesture reorder wired to AdwTabView plus the page-reordered signal	T3 reference shape; the signal keeps strip, sidebar and session in one order	after-drag3.png, sidebar-three.png	drag moves a tab and the sidebar follows
2026-09-24T12:16:20Z	round4	favicons: persist the WebKit texture per host and serve it from br0x://favicon, used by history and the start page with the letter tile as fallback	audit found SVG-only icons produce no texture; the store covers the rest and keeps the pages network-free	favicons/github.com.png, history-favicons.png, start-favicons.png	real icons in tabs, sidebar, history, home
2026-09-24T12:23:18Z	round5	palette grouped into sections with a row table that keeps headers out of activation; semantic state badges; pinned section label	details that make the list read as designed instead of ranked	palette-sec.png, final-dark2.png	clippy/fmt/tests/CSS green
2026-09-24T12:32:16Z	round6	cross-model review fixed: favicon read path sanitized with the same key rule as writes, icon folder pruned at 500 files, tautological theme test replaced by a foreground contract, UI-VERIFY updated, trailer rows corrected	a crafted br0x://favicon/../ URI could read outside the icon folder; the other items were bookkeeping	review flags 1-10; test favicon_keys_cannot_escape_the_icon_folder	clippy/fmt/tests/CSS green
